Index,pH,Iron,Nitrate,Chloride,Lead,Zinc,Color,Turbidity,Fluoride,Copper,Odor,Sulfate,Conductivity,Chlorine,Manganese,Total Dissolved Solids,Source,Water Temperature,Air Temperature,Month,Day,Time of Day,Target
0,8.332988427,8.35E-05,8.605777156,122.7997723,3.71E-52,3.434827042,Colorless,0.022683282,0.607283431,0.1445987,1.626212487,87.26653841,471.683357,3.708177873,2.27E-15,332.1187886,,,43.49332428,January,29,4,0
1,6.917862877,8.05E-05,3.734166635,227.0298509,7.85E-94,1.245317068,Faint Yellow,0.019007277,0.622873794,0.437835305,1.686049006,144.0109807,432.8449082,3.29203779,8.02E-07,284.6419843,Lake,15.34898067,71.22058602,November,26,16,0
2,5.443761984,0.020105859,3.816993832,230.9956297,5.29E-76,0.528279714,Light Yellow,0.31995564,0.423423412,0.431587631,3.414619167,275.7021072,990.2012087,3.560224335,0.070079894,570.0540943,River,11.64346697,44.89132961,January,31,8,0
3,7.955338707,0.143987845,8.224943924,178.1299397,4.00E-176,4.027879477,Near Colorless,0.166319206,0.208453521,0.239450885,,147.1632331,237.0284675,3.516907189,0.024682948,100.0438379,Ground,10.09239196,60.84323293,April,1,21,0
4,8.09190898,0.002167128,9.925788275,186.5408724,4.17E-132,3.807511284,Light Yellow,0.004867024,0.222911919,0.616574354,0.795310107,175.2751746,385.0258554,3.177849467,0.003296139,168.0755446,Spring,15.24941574,69.33667064,June,29,7,0
5,,6.44E-06,1.702583926,162.8284575,6.10E-23,3.742463675,Near Colorless,0.504790698,0.054562464,0.851326326,1.270482834,40.85340276,273.3596619,3.957842188,0.000286395,365.6390447,Stream,13.96684247,45.44479786,March,18,16,0
6,8.132455255,0.055262287,4.288009512,94.99397759,2.92E-52,1.770220597,Light Yellow,0.021703368,1.111893375,0.247115755,0.426403902,,265.5300965,1.706754944,0.030837683,266.0795653,Aquifer,27.92038025,68.10449761,September,14,13,0
7,7.258203146,6.11E-09,9.261675801,182.2423408,4.40E-224,0.416477546,Colorless,0.047803179,1.016196237,0.298093421,3.144198652,114.5514266,160.0625574,2.325093924,6.02E-16,214.5531038,River,15.89190486,61.13914033,April,11,4,0
8,8.238148579,8.08E-10,3.192381033,143.222718,1.84E-57,0.134370542,Near Colorless,0.66261052,0.316944556,0.973190304,,118.5412785,201.7695509,3.798676181,0.035086663,436.3179372,Spring,69.94304793,92.42038135,January,5,14,0
9,7.100649704,0.003019038,3.620641379,157.0439336,6.46E-148,0.112994025,Colorless,0.050612785,0.842107168,0.391601633,2.713378559,167.4178371,583.2953206,2.284970892,8.84E-07,113.9090767,River,11.89937575,14.01026764,April,7,12,0
10,7.177935595,0.11226195,8.978629013,238.1775188,2.29E-34,2.536797511,Light Yellow,0.007845115,0.658048026,0.170881758,1.137561146,77.82480034,332.5981233,2.353324446,,491.3447246,Spring,19.20932517,46.91058779,May,3,9,0
11,7.80668495,1.16E-14,8.763706354,89.25316293,1.36E-46,0.601864922,Near Colorless,0.179034822,1.90331274,0.161621837,0.965743528,82.7920973,308.7341084,2.497478009,5.67E-10,437.7852276,Spring,29.42780545,35.79884222,June,13,23,0
12,7.610982744,0.070003348,7.487402476,168.8039949,1.73E-125,3.24320081,Near Colorless,0.189490379,0.456858153,0.657833867,1.650826914,120.7470133,347.4386432,2.860287296,0.003748143,262.6895452,Ground,22.93434347,76.54752631,July,19,8,0
13,7.690541553,3.11E-05,4.72258495,175.9357741,7.58E-105,0.052887789,Colorless,0.926941374,0.952632636,0.460585332,1.072721762,,270.7195141,3.785155554,5.19E-06,239.3528377,Reservoir,34.11101754,84.12431421,September,28,22,0
14,8.474667183,5.55E-05,3.929446461,125.7783524,1.03E-114,0.274419763,Near Colorless,0.034892879,0.377733462,0.13420333,0.249970203,,838.2152182,3.200891429,3.60E-05,487.7887681,Stream,17.81015859,69.10433875,August,5,0,0
15,10.71122614,3.377360167,4.068531117,230.9629201,4.28E-52,2.620459097,Light Yellow,0.02014787,2.246267091,0.040579924,4.047238435,155.6670374,539.965014,3.415349249,0.036829818,523.907933,Spring,23.6131966,48.01537938,March,17,0,0
16,6.970263109,5.76E-05,7.49108455,130.9013042,3.68E-219,0.074593462,Near Colorless,0.790927832,0.052389685,0.97708404,0.85561701,205.6581386,417.9342715,2.104705864,1.35E-05,193.6239882,Stream,20.45306382,49.9489486,October,20,4,0
17,8.470968665,0.001307171,3.535066133,142.6517703,4.29E-55,0.272492146,Near Colorless,0.000831739,1.01396654,0.170617904,1.652750628,199.117882,206.2032945,2.575973671,0.000134885,408.0619463,Ground,42.90937499,60.69900785,December,11,5,0
18,7.67366399,0.003307348,4.246382291,160.1684028,7.18E-50,0.820912527,Colorless,0.336068019,0.445193031,0.389818218,2.628738629,167.0482365,308.5241902,2.946246097,0.02716256,48.58249114,Lake,21.95535797,69.66261556,August,26,11,0
19,8.116287777,0.001502838,8.993002298,214.480197,1.15E-30,2.279528287,Colorless,1.365581194,0.234745503,0.678391063,1.498628114,111.6114476,412.1836229,2.710583878,3.16E-08,244.5238337,Spring,19.63949754,54.40494041,March,16,11,0
20,9.686076369,0.00020484,9.588364851,240.3502342,6.90E-23,5.448292522,Faint Yellow,0.040746243,0.92677089,1.194377813,2.937562364,128.283411,280.9307643,3.338544274,0.000657664,270.9214347,River,7.824435597,32.12173076,August,13,7,0
21,8.043915825,4.11E-10,3.852804888,181.9222515,8.13E-22,1.041500032,Light Yellow,4.62E-05,0.492238623,0.429650744,0.958953845,139.9124827,458.3218832,2.932978498,0.00188513,364.2170621,Spring,10.54463734,60.13857628,August,15,10,0
22,8.056976687,0.06709515,,150.7947918,7.48E-65,2.221005201,Colorless,0.289419127,0.52590575,0.385891938,2.950316441,115.7411217,377.3042703,3.881795207,,220.8392753,Ground,9.72796938,70.39640258,May,21,17,0
23,6.69641597,0.003627365,3.782164914,183.264453,8.66E-140,1.391133481,Near Colorless,0.003337602,0.580374694,0.316443827,3.132703638,175.7891938,233.4674619,2.880497138,1.75E-09,494.4990189,Ground,12.89275736,51.85387201,December,11,13,0
24,7.868437932,0.14319044,5.373905197,167.1133169,7.07E-70,0.530321723,Light Yellow,0.125295221,0.986012165,0.687212104,1.977021298,202.4635749,530.4449592,3.964579274,1.17E-05,470.3499952,Spring,17.99987581,58.47678988,October,28,6,0
25,6.894406895,3.18E-06,5.41115185,162.7433647,8.60E-21,0.557128785,Faint Yellow,0.939997209,0.670861495,0.955219125,2.830254479,84.84729924,509.6129769,3.167305373,1.02E-05,267.6884953,Reservoir,12.08859214,40.48316333,July,18,7,0
26,7.255512034,0.002563799,8.285046648,133.4592091,1.19E-167,1.909232003,Near Colorless,0.097720105,0.620665881,0.018931339,1.65764824,63.6102173,745.9186156,3.007199374,1.48E-07,27.24854148,Lake,11.02901725,61.40521822,November,7,18,0
27,6.861479584,0.023791258,2.958533785,175.1900531,1.32E-21,0.384952947,Near Colorless,0.007881786,0.493012333,0.487069763,1.80602304,241.0545354,566.1676986,3.470212813,0.003591055,256.2162232,Spring,13.43606974,74.04752303,December,15,9,0
28,7.010323682,9.70E-09,8.923768018,108.7789881,8.66E-53,2.504905563,Light Yellow,0.042635282,0.222069252,0.242559328,0.82495129,106.8008009,386.183536,3.540127562,0.000493961,415.5333719,Aquifer,13.45111951,74.72365152,September,7,0,0
29,6.511835851,1.20E-05,5.904351097,161.9740103,3.03E-40,0.254492609,Near Colorless,0.774813758,0.136341432,0.266432847,0.277146952,90.35615905,514.5590139,4.032202226,0.005047052,297.2420159,Spring,25.28985355,85.8813983,September,23,0,0
30,7.103847731,2.42E-05,4.866864654,197.0242435,6.15E-151,2.45418357,Colorless,0.001767521,0.861823809,0.611152337,0.442880017,114.9914607,150.5048982,2.179692919,0.006488355,173.6975407,Aquifer,14.86239438,76.07841746,July,9,8,0
31,7.22013009,1.136440989,5.125896621,,1.14E-13,0.859780307,Light Yellow,1.392958311,2.260201544,0.170798544,0.606155912,103.3053836,706.1694865,3.528530815,0.143980641,48.62621882,Ground,26.53491855,42.34042132,November,28,15,0
32,7.301559016,4.75E-12,3.502848973,116.2556333,0,0.210818979,Faint Yellow,0.181888702,1.728727473,,2.470735604,155.3560136,670.1381667,4.001364547,6.00E-05,301.4332287,Aquifer,14.34347468,63.4604877,March,2,10,0
33,7.521688576,0.03111442,9.830793179,121.7900376,1.89E-14,0.020527837,Colorless,0.313538136,1.078356553,0.702645034,0.534821603,112.041566,381.0032897,3.317657026,0.028248535,221.9062301,Spring,14.24758325,69.36938606,June,8,22,0
34,8.194489147,3.34E-09,3.891666423,201.9831741,7.95E-221,0.224994132,Faint Yellow,0.389839079,1.107258278,0.394181003,0.544032264,77.51371148,622.2010617,3.630771118,0.000111288,274.0591788,Stream,26.81621742,51.53553423,March,12,3,0
35,8.275215616,0.061593993,3.614175847,177.9292769,3.49E-79,1.523242798,Near Colorless,0.020048669,0.690116975,0.019401315,0.833977545,101.4760722,390.2223294,2.818203265,5.55E-05,230.1046868,Well,22.13046592,75.12310752,December,30,16,0
36,9.43516344,3.37E-07,10.15531531,126.0977267,0,0.119184383,Faint Yellow,1.067362627,0.262923173,1.020914946,3.777502426,167.3994116,414.4198956,3.833710062,1.75E-05,219.0738686,Reservoir,19.53626426,65.0026427,June,24,2,0
37,7.006694099,0.120539763,4.817780776,191.4752087,4.459693841277813e-309,0.113461018,Faint Yellow,0.082627467,1.989997921,0.39947062,0.105641644,97.49384079,395.0554829,2.915153362,0.04479929,358.1875127,Reservoir,19.42507668,58.21077717,June,17,7,0
38,,0.287578839,4.156191296,181.2295436,3.69E-29,3.171374767,Near Colorless,0.065535553,0.798885612,0.573801792,1.197887695,130.0053842,483.1923199,2.738201058,0.001027249,88.94322125,Ground,28.44835197,60.69055426,May,17,5,0
39,7.401498147,0.004123035,2.517740583,155.6917662,1.33E-205,0.270343096,Near Colorless,0.270692807,0.260754515,0.491131311,1.002257689,93.34521368,570.4938441,3.579055312,0.00213354,441.7742919,Aquifer,29.698308,52.14606501,July,17,2,0
40,7.901424444,4.08E-08,5.099454081,159.1242923,2.08E-227,0.799618637,Faint Yellow,0.688999465,1.913541443,0.662795802,0.869477971,173.9678994,385.7278985,2.790015637,2.18E-05,227.2701928,Ground,16.05837185,36.93577609,September,14,19,0
41,8.172357531,1.23E-05,6.16605435,130.8670785,3.04E-154,1.543096444,Faint Yellow,0.235273353,0.602832426,0.598928642,1.02357697,134.7595386,,3.439296979,1.84E-06,31.23849276,Stream,32.10501239,44.29758196,March,17,6,0
42,7.431495941,0.001635646,1.539861206,149.9216256,6.45E-195,2.602858316,Colorless,0.477699596,1.010052705,0.46614895,2.107416503,135.8753978,,2.66746748,8.52E-09,356.3765522,Stream,6.314277108,35.87557811,January,20,20,0
43,,2.16E-05,7.823994732,125.2349914,5.50E-17,0.597287549,Near Colorless,0.353683608,1.082689517,0.854998943,0.903953414,56.25783611,31.43100069,2.982039646,1.18E-09,186.8509602,Well,17.68592126,52.21837493,April,12,21,0
44,5.400852708,7.34E-14,5.739483277,177.3957467,1.95E-100,1.402137538,Light Yellow,0.345790886,0.116613835,0.294291419,,70.12855074,656.4330547,2.770273482,0.307490975,478.567391,River,29.37151015,61.40091034,September,10,15,0
45,6.618012549,2.24E-07,1.046327091,137.4009332,2.44E-81,0.571151437,Near Colorless,0.354691264,1.241010695,0.007896379,2.576545318,,742.4976032,2.33255204,0.002292164,383.813214,Ground,17.13186667,83.48746559,January,4,17,0
46,7.229062557,0.222329354,3.904145857,139.4062101,3.10E-165,4.959858004,Faint Yellow,0.006677891,0.998206346,0.043582834,0.827037792,106.5088707,649.4760082,2.902453635,5.70E-08,283.812106,Well,22.75208522,62.89846833,May,23,15,0
47,7.343266741,1.626815806,18.66937954,270.5479325,0.002362366,3.278110849,Yellow,1.007028733,1.137329332,0.151417002,3.54691663,114.9238111,371.5204022,3.372626682,0.003426948,227.7593416,Lake,24.50035289,,December,11,20,0
48,7.065222074,0.001928712,6.797827318,114.0046742,1.34E-76,1.161600317,Colorless,,0.03230651,0.832726154,0.299810367,158.5557094,430.8106018,4.056722037,1.34E-06,167.764076,Spring,19.95037436,35.63303503,November,15,19,0
49,6.546457093,0.025462043,8.355677281,186.5066515,1.79E-56,0.032896583,Colorless,0.009934222,,0.353091472,1.820009715,166.3761043,632.7802726,3.184865581,0.026314172,445.4997992,Reservoir,4.617923903,38.33696843,August,9,2,0
50,8.376142694,5.83E-08,4.262673396,140.7343782,8.43E-33,0.282348812,Near Colorless,0.721025884,1.260982341,0.427406712,1.348942986,107.0185378,318.860213,4.05758095,0.001148355,35.57655644,Aquifer,19.63447674,,December,13,0,0
51,7.745498519,0.011184352,7.693282694,92.05244402,8.54E-11,0.015601983,Colorless,0.202998425,1.801652773,0.400761646,2.882097908,119.8443989,1056.33614,3.106633644,0.005509587,194.8692376,River,6.304719221,61.49233834,June,29,18,0
52,8.460832637,0.019863369,8.601510936,134.2024284,1.17E-256,2.600727874,Faint Yellow,0.249098381,0.515965412,0.16954337,0.011934477,190.0310968,382.4391269,2.494293375,5.71E-10,13.92561402,Aquifer,7.611181395,82.67430368,January,2,23,0
53,8.114360369,0.115029238,4.416897272,189.9435433,7.81E-107,3.338094509,Colorless,0.053864649,1.260913074,0.220516732,1.848643959,66.1821126,738.7839261,2.587877033,0.000627448,184.3126293,River,33.31371582,9.541409811,August,23,8,0
54,8.008002831,0.112823268,5.927696415,148.243457,3.48E-48,1.879014308,Near Colorless,0.238788676,0.63686531,0.986496963,2.986932207,72.55628577,263.6360629,4.169012025,0.002000874,291.9996476,Aquifer,7.698898507,19.69237692,October,31,9,0
55,7.347032337,0.848170808,5.230061881,170.2754502,9.57E-15,1.350005058,Yellow,0.647870775,2.268661469,0.017110881,3.526423883,99.09065169,540.9248092,2.442585371,0.006729186,277.2934764,Well,23.87311338,66.13957732,March,2,8,0
56,8.434577668,0.000181591,,149.6777762,2.10E-76,0.314769399,Colorless,6.04E-05,1.086360466,0.97359049,2.137920032,110.3935469,270.5701816,2.467000713,1.88E-10,280.5476958,Well,28.22391149,76.47802391,October,5,0,0
57,6.528361001,9.03E-06,1.949629622,145.6339032,1.78E-12,0.928103977,Faint Yellow,0.659458031,0.631840697,0.629713376,2.497858991,198.1081045,192.3315829,3.147568298,0.015697554,387.7423301,Stream,19.52162228,71.73397037,March,2,6,0
58,7.572927782,0.000448654,,188.3127139,4.46E-32,0.224200321,Colorless,0.231018196,1.836746333,0.045617381,0.442870802,199.0965614,369.8356419,2.561836272,5.49E-09,86.00864464,Well,19.79592161,57.14658664,November,13,23,0
59,7.996271774,2.05E-31,6.879820332,92.84308348,2.36E-155,0.333334366,Colorless,0.011012607,2.014248947,0.657660481,0.46655264,204.6676955,690.8699756,3.289865555,0.008625967,352.7715345,River,16.19257439,73.13277954,July,4,0,0
60,8.277861898,1.673820062,11.08486627,205.5123821,1.49E-25,2.498498998,Yellow,0.695709292,4.54059223,1.27708208,0.394941714,100.3798695,438.608682,2.820242057,0.028294972,40.18197845,River,8.308328967,59.91187866,September,5,20,0
61,6.742295375,0.003071269,6.085856786,247.3919022,4.37E-66,2.711420283,Light Yellow,0.013142163,0.278589683,0.064857066,3.006788204,157.062633,324.348948,4.01084552,0.00697184,375.6482708,River,8.678587609,73.83466213,December,21,17,0
62,7.174292314,0.000450845,3.58417819,114.5843697,7.80E-143,1.120232522,Faint Yellow,0.007581968,1.608846964,0.025924839,1.482338354,106.5607812,471.9729562,4.104688836,0.001199041,85.16018148,Well,30.21617562,75.30422897,October,24,5,0
63,8.005993666,0.000953968,7.619154082,178.553189,2.07E-66,1.923579332,Near Colorless,0.178281028,0.673207293,0.090387268,2.314588109,172.8487724,367.542106,2.534193032,3.09E-07,92.74860288,Ground,12.55729592,91.37140192,April,10,14,0
64,8.19440644,0.003387248,8.34454114,248.043661,2.41E-71,1.993738346,Near Colorless,0.019442482,0.355717312,0.362046386,0.773057234,63.51831133,207.2540395,3.781047008,2.22E-05,297.6212268,Spring,15.78676421,35.65313745,January,2,19,0
65,8.203270966,3.71E-06,8.204098968,131.9737069,3.87E-82,1.983201755,Near Colorless,0.004430397,0.837442154,0.249808623,0.516742571,95.54982058,460.5653977,2.12071124,0.037803151,293.1570827,Well,18.75345674,49.82153079,May,19,19,0
66,6.563512313,,5.072209628,187.3091707,1.83E-68,0.301904242,Colorless,0.500157905,0.74031589,0.391027649,,222.9325658,289.5535933,4.138511637,0.011891016,392.8120671,Ground,,36.50515143,October,23,22,0
67,8.382024477,0.013913668,3.070844879,,4.72E-09,0.485590379,Colorless,0.045305851,1.831638548,0.058853952,0.782652597,69.58311057,545.7133767,3.059586399,0.000392713,456.5334436,Ground,8.200886172,81.76820826,April,1,16,0
68,7.509826336,4.05E-05,9.710039853,158.2201317,1.93E-73,0.077263638,Colorless,1.055809624,,0.001366743,2.244444792,137.933399,213.515519,2.676003027,0.000116786,496.0652368,Aquifer,40.10753484,62.8529473,April,19,1,0
69,6.509417406,1.38E-06,9.938833261,156.2511213,1.45E-72,0.025920473,Near Colorless,0.09808918,1.079495259,0.781213825,1.246429327,191.6979496,644.2224812,3.024076467,0.002124739,3.579388731,Aquifer,20.01076464,50.00186731,September,20,7,0
70,7.583946163,0.065493181,4.469387245,162.6636558,3.07E-103,0.054846813,Colorless,0.201997577,1.114830386,0.2115857,1.673887337,113.1052049,292.7648054,3.416983832,6.77E-06,345.9749736,Lake,16.59753865,63.65386185,April,17,17,0
71,6.946186344,6.25E-06,6.085494322,178.7243839,5.30E-38,0.885939987,Near Colorless,0.004319044,0.390461315,0.195479492,1.6843678,114.3818051,432.3212191,3.04997223,8.12E-09,333.5836336,Ground,11.8239863,80.95366203,June,17,6,0
72,6.605370268,0.000560493,1.339279503,113.4595654,1.97E-08,0.540716007,Near Colorless,0.227006546,0.431933064,0.944459802,1.132482205,117.5619241,494.8529592,2.51827806,2.86E-05,60.58522655,Ground,13.85684971,47.11167679,September,13,20,0
73,6.598732171,2.19E-08,5.746585621,128.3812673,5.35E-154,1.571848785,Near Colorless,0.138771733,0.58759751,0.483260895,0.84089079,101.3941784,296.5296749,2.92851417,0.000179809,456.4167065,Reservoir,6.334083759,64.55519297,December,1,2,0
74,6.938338577,0.006784488,4.052444927,162.3290868,2.66E-135,1.255607608,Light Yellow,0.399863075,0.818453924,,1.671006604,66.83809996,473.779443,3.292080559,0.004283755,143.3099241,Lake,24.60245622,75.56751327,June,1,4,0
75,7.00906841,0.000674535,8.638936471,118.5023251,7.25E-24,,Faint Yellow,0.117579246,1.137975633,0.208441171,1.700291685,52.76565651,348.4952629,2.601354028,0.00516653,280.7453219,Lake,30.81057351,81.98222592,November,17,23,0
76,7.07614264,1.55E-05,7.259789111,233.8774452,8.19E-17,1.57941826,Near Colorless,0.005375085,0.477741117,0.613079228,1.017486247,84.9068974,274.2201088,2.479957205,0.015629513,257.5473068,Lake,10.64823891,60.32150602,April,16,3,0
77,7.555391403,0.124929517,1.396375196,206.9520793,1.55E-154,2.089937072,Near Colorless,0.68587442,1.297683497,0.147555122,2.214537619,229.4827605,,3.093159274,0.000868907,431.9707349,Well,8.826794013,55.11915742,September,21,13,0
78,5.377126339,4.98E-09,9.669692613,125.7223478,1.11E-10,2.795255762,Faint Yellow,0.014702397,0.384311295,0.300412304,2.556487804,92.85855225,404.8749172,3.730874494,0.020947722,484.7552502,Stream,77.85912886,52.85104389,March,27,11,0
79,6.823655469,0.289861824,10.02409492,115.3786949,9.62E-21,0.226382978,Colorless,0.158840717,0.608520192,0.013887635,2.105974532,80.45727106,148.438442,3.001708107,2.29E-10,98.40084891,Lake,10.11940278,46.43044666,February,15,9,0
80,7.158338548,0.026001753,5.197514249,237.6343098,2.04E-20,2.492560012,Colorless,0.818244931,0.522023921,0.447178855,1.513880262,123.0835785,1021.502291,2.803504774,0.014556638,319.8588777,Reservoir,16.25446967,67.93832643,August,17,2,0
81,6.735242311,0.813188077,5.492245591,117.2930104,5.15E-26,3.84710891,Colorless,0.066189125,1.250290646,0.530982992,0.459061732,138.3286203,390.9759903,2.364011073,1.14E-06,88.3360681,,23.23450438,67.80433969,January,,13,0
82,7.452954919,0.082662694,4.737504921,224.3704234,1.07E-15,0.311613391,Yellow,0.101998766,2.675461643,0.419830968,1.157133097,86.99319258,567.6647548,4.722377025,0.000365161,373.5264918,Aquifer,37.28756636,33.2612771,April,7,8,0
83,7.805978647,0.00021865,3.053412613,226.0318446,2.43E-85,1.19858933,Near Colorless,0.531465824,0.204523659,0.259784102,2.304983674,151.6543558,926.9897071,3.590942937,0.002683772,250.2873471,Stream,10.06117621,31.84157188,November,25,8,0
84,8.301319517,0.081483128,8.390963854,166.4252104,2.05E-43,0.095555538,Colorless,2.338315452,0.325893039,1.517856719,3.490105503,77.55823837,333.4128055,2.841848948,0.257302759,351.1210304,Spring,22.05674145,46.06265562,February,8,2,0
85,6.735629132,0.000850302,9.883065163,227.0944338,1.36E-275,0.283424806,Near Colorless,0.670960527,0.713574587,0.65373621,2.532927284,156.2026379,702.9616844,3.74059064,1.29E-08,62.41282989,Lake,10.38148636,65.64626349,December,1,23,0
86,7.464118929,0.000608486,2.284686731,191.0675891,2.19E-11,4.285339838,Light Yellow,0.045379839,0.203731026,0.908933265,0.323536445,206.9584596,219.3394199,3.526526442,0.000120794,63.49635548,Stream,18.6957506,72.84973511,July,10,8,0
87,6.83654437,0.006887591,7.885546181,165.6179211,2.78E-51,0.691612612,Colorless,0.856723607,0.453603484,0.08749683,0.726262798,208.1419755,525.7631229,2.302668874,4.60E-09,499.8973058,Reservoir,15.09066888,55.9814888,October,10,16,0
88,7.525706053,0.017584837,3.061654637,139.3115999,6.02E-22,0.648054978,Colorless,0.129410256,0.827583507,0.969756725,2.082138847,198.7645422,512.3805832,2.748443632,0.048906569,60.81669215,Ground,16.57014842,84.99046944,November,1,9,0
89,6.155759407,0.0285138,10.96393482,246.2989219,8.79E-19,5.264842331,Faint Yellow,0.324222408,0.805349076,1.496974605,2.601942795,219.9102375,290.0266595,2.572281932,0.000165408,270.2854261,Stream,,52.43412393,November,6,21,0
90,5.812625959,0.000106191,3.032464151,199.0842815,4.12E-114,0.951397939,Faint Yellow,1.613035132,0.029181093,0.215240308,3.257457827,142.809599,304.0748168,2.374634868,0.184848336,188.7868808,Ground,9.818648722,41.81458256,January,8,0,0
91,5.569066986,0.277571783,8.484455613,137.3890273,7.58E-40,,Yellow,2.273295513,3.157741943,0.354272482,1.152372178,132.9156283,130.9936465,3.312373469,0.001209002,415.5684224,River,5.847498333,46.21717206,December,31,16,0
92,8.181562471,9.36E-06,4.735700673,168.6073336,1.65E-75,0.307821098,Colorless,0.157564798,0.625396301,1.034541565,0.288262549,75.52341554,328.635413,3.39654967,0.017150903,144.5035977,Reservoir,18.15264843,41.39919493,July,23,15,0
93,7.493889387,0.000782903,2.65641231,240.9962865,1.13E-57,0.983375928,Light Yellow,0.236449603,1.641504538,0.216574023,2.579750617,123.3737155,154.8684595,3.094830971,0.000477698,111.1747901,Ground,21.5959488,63.50441437,February,6,12,0
94,6.514210882,0.000481721,8.77436016,204.8722099,1.41E-74,0.539078011,Near Colorless,0.359330573,1.565839904,0.257310064,,209.0103336,539.4365977,2.226427954,2.36E-06,492.6777238,River,14.88007206,74.71046125,April,12,10,0
95,8.274537826,0.019678034,3.905647613,199.219252,3.17E-91,0.608930778,Faint Yellow,0.059489833,0.653924198,0.97998423,1.870686754,67.58979297,650.9880945,2.719370413,0.014544746,169.7314006,Well,8.4495058,57.04990091,,22,7,0
96,8.300579045,0.305131798,4.835235396,215.5392059,1.14E-243,0.683130173,Faint Yellow,0.559534155,1.183628956,0.055338607,1.616478506,107.6601862,473.1529206,3.046647198,0.005492121,123.2753414,Spring,5.117430596,68.18070915,April,13,18,0
97,7.514003195,5.73E-12,4.950644324,168.7660122,1.79E-65,2.726961114,Near Colorless,0.01227236,0.926662986,0.248749626,1.450225251,186.1032266,315.2512403,2.936580989,0.000382766,342.1696077,Well,16.57005767,52.10555013,August,13,2,0
98,5.8119097,3.145390222,3.509510019,237.989137,9.69E-52,2.524989274,Light Yellow,0.261722799,3.684809687,1.050117796,1.504206211,155.6221657,533.8741853,3.693343244,0.00015333,269.9597199,Stream,11.7148957,62.01849263,December,25,10,0
99,5.112710425,0.008343983,4.877838602,168.9936805,0.261722181,5.087519632,Yellow,0.408679344,0.280806913,0.395167149,3.843564094,216.6695378,374.6527585,4.390235424,0.000609726,209.5490358,Lake,76.57755715,61.86700228,September,25,16,0
100,8.512029471,2.86E-06,4.750472964,354.8639333,7.83E-88,3.963996604,Faint Yellow,0.000629402,0.033631665,1.020142605,1.703531059,128.4778696,349.6100669,3.157610219,1.93E-11,307.3572329,River,38.97646396,55.8073275,June,15,10,0
101,7.459435462,0.025678187,12.3741731,168.4930234,0.003610128,0.21953222,Colorless,0.00907316,0.247772883,3.09426628,1.02215708,103.8330461,426.5359984,2.473935746,0.30116949,401.8635201,Lake,13.33072837,63.80416591,November,30,0,0
102,8.196043,8.13E-06,4.048878393,149.6683156,0.001785211,0.362227177,Near Colorless,0.001447524,0.705520582,0.328041909,0.672124343,147.5511944,390.4809035,3.570573925,2.93E-05,152.7119597,Ground,10.18352816,67.13411514,July,29,17,0
103,6.749985982,4.50E-08,5.146556404,157.7585742,5.44E-67,0.047664476,Faint Yellow,0.253823088,3.279391968,4.302917571,1.470351306,91.9510828,706.2299099,4.439996897,1.59E-05,125.75959,River,,69.90469166,May,15,19,0
104,7.377951525,0.001580587,2.525136275,206.8953975,3.76E-83,1.553415556,Colorless,0.794535659,0.87616298,0.469198124,2.511290723,166.0106777,397.1956664,2.737648203,0.007972161,135.0898209,River,28.7213262,42.14582625,September,12,4,0
105,7.112497921,0.007031911,2.575097311,209.2196849,6.11E-104,2.483177505,Near Colorless,0.008072587,0.455627911,0.499479149,1.892111162,96.0191664,196.6899703,3.033682832,2.07E-09,297.414614,Lake,7.005818191,54.33454137,October,7,20,0
106,6.810137153,0.208011692,4.255286976,181.5201172,9.59E-56,1.590160363,Colorless,0.315355701,0.275609418,0.96850572,0.049373973,197.6535486,500.9961575,2.614883665,0.003185853,481.2347436,Well,11.7866775,31.27048936,October,30,4,0
107,7.288114759,1.63E-06,2.739724811,181.7850075,1.58E-66,3.10370386,Near Colorless,1.01253696,0.571950286,0.154613754,2.839839269,43.32306845,552.9000338,4.079514917,1.28E-07,40.96020068,Ground,13.89947716,33.10802416,July,18,11,0
108,8.29460552,0.000221262,9.643369778,109.017351,4.39E-10,2.342743841,Near Colorless,0.093799898,0.180486144,0.252056099,2.278260312,67.88901501,708.8458247,2.942130377,0.000893308,232.4897345,Ground,14.02241165,48.34948021,February,19,18,0
109,7.944835009,4.56E-05,5.651637605,99.54983774,2.23E-07,2.890870022,Colorless,0.057277111,0.890011567,0.700310179,0.601272413,189.9665299,564.8172427,3.948682373,3.65E-07,298.7106339,Well,18.57335053,67.02285091,December,,10,0
110,8.161208289,8.48E-08,6.895349984,106.2593461,3.21E-287,3.721279722,Colorless,1.047783404,1.160984299,0.064883284,1.524209315,178.055593,467.6121702,3.791885752,9.02E-07,283.9896935,Reservoir,8.208487036,63.89541465,December,6,3,0
111,7.325354239,4.86E-12,5.313846909,201.6159546,1.04E-118,0.278886352,Faint Yellow,0.190461013,0.23416437,0.461745187,0.575568809,215.9116351,578.4659017,3.17789164,0.00302183,195.5060438,Ground,13.61320219,66.27481847,August,7,14,0
112,9.260864721,0.083630009,4.016806648,81.92276887,0,2.294584076,Colorless,2.097812513,0.779136178,1.094459749,3.807098721,345.1718246,231.7145401,3.173751359,0.039185029,139.9588235,Well,14.32463918,73.07713022,May,15,20,0
113,6.952198024,3.72E-06,3.674565472,148.3225409,7.79E-31,2.467203308,Faint Yellow,0.045903668,1.513069004,0.639521181,2.880020926,173.3364498,505.9976852,3.29386629,0.002583246,231.7350738,Spring,22.41129166,59.15451534,March,31,4,0
114,6.556598485,0.020146753,9.648935938,247.1220251,1.90E-12,0.63197158,Near Colorless,0.278143257,0.336787315,0.171073951,0.717058688,230.6587704,564.0462873,3.309825277,0.018821775,214.6456676,Lake,15.45996789,53.34454283,December,,9,0
115,7.349387465,0.071483579,4.966137959,128.7561449,5.05E-58,4.717204357,Near Colorless,0.429895134,1.565719785,0.357635584,0.561671666,,526.0601601,3.000531103,4.67E-07,269.9544793,Well,23.83620476,72.3775209,June,7,12,0
116,6.806017148,0.245874738,6.685901666,98.37063152,2.42E-90,4.279025941,Near Colorless,0.084109784,0.49928421,0.715462594,0.171141071,139.4740253,440.116279,3.158895689,0.00648601,479.4855969,River,16.35354472,74.75718522,January,5,12,0
117,7.221107405,1.37E-05,1.540810445,192.6935398,7.57E-97,3.225026488,Light Yellow,7.97E-06,0.853887765,0.405373029,2.8129448,224.6291965,312.4607803,3.25637038,6.20E-05,211.6812114,Ground,27.9859751,8.401164297,November,20,23,0
118,6.273450252,3.72E-09,5.072221399,337.3245851,2.94E-10,2.92046868,Faint Yellow,0.285565897,1.152144764,0.494302908,3.7464608,115.802691,659.2132164,3.029814879,1.34E-07,484.6420847,Ground,10.67425692,67.67840677,May,15,18,0
119,7.87940802,1.77E-07,5.216642275,174.4724408,3.21E-68,3.59402883,Near Colorless,0.020675488,0.470412376,0.139125399,0.780977648,128.7249796,571.4096669,2.607090248,2.82E-06,299.0267673,Stream,21.42895115,39.46490801,June,4,17,0
120,8.342817555,0.220085922,7.501948376,250.0727612,2.90E-56,2.27722758,Colorless,0.033269087,0.926229235,0.093630115,1.984369176,80.05148277,314.3401768,3.249064347,8.02E-06,474.5862117,Aquifer,26.50249806,50.67671461,April,21,3,0
121,7.637704446,0.01642979,6.224973937,294.6710214,1.82E-08,2.688777628,Colorless,0.037102219,0.920234551,0.123328293,2.775840815,153.3258075,572.3201404,2.963974296,1.11384416,250.5334212,Spring,13.83299634,53.21056729,September,3,8,0
122,7.47686923,0.000279426,,148.9700439,1.04E-07,0.628446945,Yellow,7.98E-05,0.143325498,0.448920727,1.027984721,321.204236,691.1905501,3.983736696,,374.5649186,River,8.290174903,56.29314435,April,20,12,0
123,7.310980166,0.034315147,4.905069369,165.8568708,5.30E-138,3.368031148,Near Colorless,0.606355384,1.954176657,0.07382238,3.061438446,231.8126573,343.4744759,3.05321447,0.001297615,182.849285,Aquifer,16.19264687,45.18375827,March,25,16,0
124,7.432254263,7.32E-06,3.912026992,180.6021334,2.06E-11,1.084632057,Colorless,0.003068648,0.639532418,0.267104003,3.386177046,139.1328783,292.3487794,4.233170137,0.656948201,517.9949039,Well,20.40044635,74.78969935,February,6,9,0
125,7.238184739,0.312892522,7.466237836,152.1237481,9.66E-35,0.793987681,Colorless,0.284339176,1.073073239,0.19793429,0.347111094,,,3.166337306,0.005181466,341.1344376,Stream,14.14845498,33.48722071,May,28,22,0
126,5.55805028,0.016113487,2.258685664,263.7545488,1.56E-102,0.151976425,Yellow,0.134987652,2.84685716,2.213986872,3.95578571,156.8645964,489.037678,4.173388316,0.000161629,133.2321477,Spring,16.85583002,61.59330073,May,3,6,0
127,7.242437711,0.079284586,2.68341837,114.8278314,2.58E-76,0.247853732,Colorless,0.023112395,1.662159925,0.559285714,2.386919268,148.1101718,235.9259778,3.660580959,5.78E-08,71.97021781,Well,13.56046234,74.19753735,December,11,0,0
128,6.932911046,4.64E-07,5.237283171,123.5403912,7.16E-43,0.33775831,Near Colorless,0.074645109,0.165574383,0.346371804,2.064165786,117.5500524,452.007101,2.243819778,0.009271771,92.76613033,Stream,8.940082545,65.4782455,August,31,4,0
129,8.033216573,4.34E-05,5.743765619,148.3601119,3.99E-49,0.903815259,Near Colorless,0.892384354,0.210623789,0.365498346,2.238484595,215.526627,296.0723036,3.670561859,0.000808391,411.3818434,Reservoir,10.2753399,46.86265025,November,25,17,0
130,7.860083361,0.001031941,5.766597024,113.5042567,3.67E-36,0.012076834,Near Colorless,0.003896804,0.304902193,0.103526172,2.116989533,186.0274343,515.7530389,2.896601572,0.004031659,235.8600701,Well,40.74911587,70.98678007,July,11,3,0
131,6.905185462,1.60E-06,6.998103565,166.3126459,5.94E-44,2.164657622,Colorless,0.051049042,0.264417897,,0.973991196,64.19266614,155.5800595,4.07205679,0.000107415,444.9956046,Ground,14.86675417,67.8878344,September,6,15,0
132,5.01600767,0.192446094,3.395804143,,7.40E-229,2.675064096,Yellow,0.310066559,0.886480467,0.107726257,2.808100175,57.58908681,428.9361364,2.961320756,4.95E-06,432.0172093,River,15.35034483,82.45545517,January,10,14,0
133,6.753056678,1.85E-05,9.594590217,163.683363,3.44E-12,2.659620697,Near Colorless,0.110746766,1.010560065,0.385543404,1.173269063,82.69793998,439.9984192,2.458538783,0.006360009,307.9155831,River,12.83745915,17.70975703,April,15,0,0
134,,2.04E-05,4.312110716,151.6974093,6.63E-57,0.52769376,Near Colorless,0.890892681,1.038088762,0.119784115,3.184361193,177.7053237,315.269283,3.269891379,0.007515355,388.5923461,Well,7.614215414,70.70080326,March,11,9,0
135,8.117527047,0.021082839,2.423922714,206.3732358,1.28E-94,0.037807783,Near Colorless,0.002238479,1.143087705,0.513923231,0.89924549,161.1869085,439.6805734,3.272010216,0.00273569,160.0876903,Well,17.94570801,62.83164537,September,30,9,0
136,7.773331301,4.83E-05,10.000057,122.0139793,7.59E-115,0.811121718,Faint Yellow,0.801740225,0.150670425,0.024061395,3.02511406,158.7450566,484.551511,2.939060344,1.35E-07,240.4890387,Spring,22.21393381,50.60595075,February,6,16,0
137,7.495911518,3.41E-13,2.791562974,147.0687787,1.44E-222,2.763448454,Colorless,0.287195901,0.448839403,0.006364032,0.135714679,194.9784268,353.0502247,4.055615774,2.12E-07,9.637888426,Stream,22.63237185,62.83674637,December,18,22,0
138,6.673574504,0.038572062,16.44562383,198.5396699,1.45E-42,0.773895786,Near Colorless,0.17142046,0.272994704,0.483805049,3.905936545,194.7748823,465.0467103,2.944343097,0.018471673,304.8476166,River,50.1885625,68.0310304,April,24,12,0
139,6.678901956,0.023999852,3.904195838,210.5264069,6.61E-73,0.16746401,Near Colorless,,1.057543156,0.215086391,1.739160631,173.6458015,475.955001,3.304197341,1.84E-06,145.0446681,Spring,10.43792143,19.80016866,July,31,23,0
140,8.373427835,0.04520101,4.105967765,213.019122,9.79E-160,1.902054016,Near Colorless,0.250516026,0.952115455,0.242000191,2.780978185,196.6239858,460.3327369,3.109282338,0.00021833,277.4537243,Ground,27.06381202,39.03391406,August,22,9,0
141,7.266006348,0.001536918,4.249893453,148.1081445,5.84E-107,0.004968893,Faint Yellow,0.040230907,0.223051379,0.437244276,2.225456327,147.5555215,477.6240647,2.126126146,2.19E-07,194.7411326,Aquifer,14.36440113,94.88580165,April,9,20,0
142,6.975445783,0.127144868,4.136878388,159.4318253,2.02E-66,1.356739769,Colorless,0.12931064,0.034314941,0.343797455,2.376234549,183.6355853,398.7129767,3.205029179,0.001252784,16.52604874,Ground,23.71630782,63.94344496,November,16,7,0
143,7.094511471,0.14291004,2.812971443,245.5125572,4.08E-291,2.949685955,Faint Yellow,0.558895412,0.261077581,1.0251779,1.90554313,72.16083656,370.0848822,2.873356019,0.000103372,484.2209499,Aquifer,30.52830313,12.45535595,September,28,12,0
144,7.041508552,0.000327646,3.912508929,155.8884909,0,0.571795945,Light Yellow,0.862916065,0.146279296,1.03404753,2.164819953,130.508953,408.3369857,3.275205733,0.020984725,50.78738915,Lake,12.35059745,96.33674589,November,17,1,0
145,7.77939224,0.002146981,2.839990116,230.1737203,1.75E-185,1.078105979,Near Colorless,,0.128299571,0.526693431,1.650450358,,391.4838565,1.854297197,3.10E-08,248.5611005,Reservoir,11.37548681,68.71163353,March,26,9,0
146,8.452071511,6.99E-09,6.105159707,112.5048254,1.70E-12,0.651620202,Colorless,0.250197331,1.225146685,0.118793475,0.660253274,67.62968803,254.9600045,3.218228818,1.64E-05,151.2657329,Lake,18.95169423,44.10029002,October,20,5,0
147,8.350365253,0.016340487,4.664680865,200.4973858,5.12E-106,1.476671795,Colorless,,1.526632488,0.564558874,0.165869161,165.2123699,243.53816,3.215171908,4.54E-05,32.85824491,River,30.34645161,35.20509578,March,18,4,0
148,7.921981003,2.58E-16,4.506822475,214.9161676,1.51E-26,4.350514033,Near Colorless,0.965031696,1.064043699,,1.575314435,199.7880813,236.3786001,4.18186642,6.24E-05,104.6183088,Ground,11.21594175,23.82159971,November,30,19,0
149,7.563467336,0.118776873,3.949814007,152.6461118,4.17E-274,0.336043677,Colorless,0.122983509,0.006053083,0.002132576,2.809842104,41.63174669,386.1818496,2.414834086,0.000220459,201.0216537,Aquifer,9.887416597,60.46934724,March,7,,0
150,8.464140726,0.002047841,9.9555446,118.3175346,9.15E-13,3.27582874,Colorless,0.009915999,0.501906114,0.355963622,2.336619871,130.7045518,224.6109427,4.128534727,0.000257799,410.6947938,Aquifer,,73.14765754,September,9,23,0
151,6.664872171,5.86E-08,8.835076732,185.2654102,2.56E-80,4.745098803,Faint Yellow,1.058726765,0.595882518,0.106504599,0.763919314,149.5508586,563.368389,2.481081875,4.28E-13,442.164826,Well,14.30758555,50.88913789,July,8,21,0
152,7.6962602,1.46E-07,12.72891964,92.53015185,1.60E-177,0.546784405,Faint Yellow,1.810154601,0.25485899,0.430690782,1.015378916,173.3794776,497.937383,3.282499478,7.02E-11,434.1809615,Spring,9.942834234,62.70621575,December,25,14,0
153,7.909682979,1.40E-13,3.901280929,,0.111200209,2.147044341,Faint Yellow,0.058710928,2.162507109,0.630822575,0.829945897,162.3944314,204.811567,3.426783798,6.72E-23,477.6168002,River,19.86711017,39.03497605,April,8,4,0
154,8.4552853,0.00036171,5.300113046,150.2656075,1.97E-141,0.800090279,Near Colorless,0.402472297,0.250366415,0.073158103,0.928706457,219.2133351,367.6360935,3.936137039,1.38E-11,389.0211413,River,32.20546625,41.12976468,June,9,22,0
155,8.059772486,0.031351181,8.264496492,235.3542569,7.55E-33,1.419606661,Light Yellow,0.215205106,0.052058721,0.172357198,0.698702561,88.18417025,204.0183844,3.185025096,0.00058763,484.3726724,Stream,,78.02207203,October,12,6,0
156,7.930135659,3.12E-05,6.490332939,142.2728476,2.02E-70,2.769278453,Near Colorless,0.088273883,0.75704946,0.039258589,0.915766281,113.8862712,378.6940638,2.727121637,0.011660802,316.2243886,Spring,17.2573185,64.68259801,June,28,4,0
157,8.038594286,0.242685686,4.765062902,95.63815316,3.37E-171,1.087476746,Faint Yellow,0.168059074,0.143419014,0.085283016,1.684366278,147.4248626,163.3697588,3.470305014,0.000143172,433.71819,Lake,13.60160151,78.35697633,March,21,21,0
158,6.504663187,0.001633831,7.414733949,188.8206644,3.65E-172,,Colorless,0.12811225,0.064859953,0.012612437,1.442012502,141.8220453,378.6971948,2.813035316,0.000234284,162.1087448,Spring,18.22977237,37.81497344,April,16,15,0
159,7.090699095,0.012120518,7.002051682,146.5340363,4.84E-98,0.173349497,Colorless,0.539047746,1.815774651,0.146900552,0.545455077,94.89470123,313.8753262,2.361816404,4.75E-09,82.92001827,Lake,35.74657781,62.34204006,November,30,18,0
160,8.305984493,0.000156556,5.662351904,239.7916968,3.42E-27,0.862573843,Faint Yellow,0.366393244,2.119087829,0.227231112,3.487746997,249.2665118,194.7092926,3.533206516,0.000274406,317.9562871,River,20.91779011,80.07972787,August,15,1,0
161,7.147250535,0.163399499,6.506141435,227.1315129,4.10E-19,1.108355796,Near Colorless,1.008733318,0.57312371,0.6215314,1.301999355,126.7110077,557.1311519,3.028579195,0.000215577,374.7971882,Well,12.4417242,62.07324535,July,7,4,0
162,7.997613006,0.001672493,,153.9618798,5.4e-323,3.458446044,Colorless,1.058554892,0.271257725,0.499314925,0.12950092,141.8696394,216.5220158,2.888767578,7.62E-07,80.07768472,Spring,6.91435352,35.03202526,November,24,17,0
163,7.244040973,2.63E-06,6.560364134,230.9161976,5.10E-91,1.312745792,Colorless,,0.148146269,0.714810539,0.317935684,84.09958968,396.3508687,2.822798305,4.94E-09,448.0811499,River,24.85865855,70.30968722,June,29,15,0
164,7.371013866,1.65E-06,8.560908031,106.3259257,2.31E-132,0.97855032,Faint Yellow,0.547971066,1.676052808,0.126577654,1.698619965,181.5611808,771.8297455,3.78355075,0.001313719,394.1711847,Stream,17.16350235,68.98427552,November,12,19,0
165,7.742886086,2.16E-06,2.722276872,,2.70E-187,0.00585599,Colorless,0.707972732,0.691705935,0.718121396,0.803937889,162.2023143,664.1680878,3.109802249,0.034224632,321.3839739,Ground,42.97909652,48.77968079,September,12,10,0
166,6.974415631,0.00055116,4.23169179,,1.10E-133,0.568349503,Near Colorless,0.980888233,1.307101268,0.543894047,0.143191658,111.0568462,405.8524734,2.652050901,8.92E-12,66.30868657,Stream,30.66586791,64.52037089,March,12,10,0
167,8.46740802,1.25E-05,6.905265074,164.5161192,1.28E-134,0.941818514,Faint Yellow,0.171852922,1.404548759,,2.544347919,191.4954279,409.2196701,2.614776953,0.000265386,97.83599859,Stream,12.77843175,71.40212823,April,21,22,0
168,7.306910339,0.000722306,5.725893332,148.3887769,1.07E-21,1.245102969,Near Colorless,0.203639764,0.654902642,0.70136523,0.192565772,84.4879346,137.4872315,3.787706863,0.044603986,412.6222885,Lake,,52.98053481,June,1,11,0
169,7.65540552,7.82E-09,3.339298573,204.9320454,1.05E-232,,Near Colorless,0.683110711,0.632531267,0.010743678,2.164648876,114.1814506,189.3778168,3.996848401,2.03E-05,475.7306034,Aquifer,92.37683273,73.91670053,September,3,14,0
170,7.152974213,0.027217991,2.383368652,130.4827008,4.33E-12,0.935665937,Colorless,0.159344528,1.142143557,0.056419983,2.821099067,167.7615511,189.4791119,3.615749723,0.005778659,411.1265811,Well,36.33621287,55.56524009,September,1,6,0
171,8.441452024,0.006231504,4.451520058,209.4261233,3.60E-87,0.431435702,Colorless,0.059402871,0.953626158,0.712881011,2.466643386,96.03211232,359.7493949,3.331586611,0.005653191,218.7073886,Well,10.81500781,64.51238201,September,1,12,0
172,7.643246934,4.08E-07,4.500809144,135.4586519,2.54E-20,0.879199916,Yellow,1.032558975,0.900817563,,0.446577622,211.982544,760.0130584,3.218940552,0.000715972,500.0357293,River,16.438823,65.66080483,October,28,23,0
173,7.243327357,0.003725686,2.653406706,114.4410011,2.56E-26,1.729724505,Near Colorless,0.367252129,0.173536273,0.254410201,0.451861746,125.4553593,262.7812208,3.87206548,4.12E-10,75.49243454,River,20.05632005,43.47015099,May,28,3,0
174,8.369103479,0.009799195,4.775345055,226.1576872,1.12E-264,1.148409996,Light Yellow,1.01921975,0.381871077,0.348816284,0.414125651,137.2736698,196.8987073,2.85907967,0.003306666,366.3153872,River,27.41255769,74.8344814,May,8,11,0
175,7.893552786,3.69E-06,8.006215771,188.2359056,1.13E-200,0.458343365,Colorless,0.20098547,0.554275951,0.449786539,1.562429234,115.3492085,260.1778906,3.855770914,2.75E-06,142.2135884,Reservoir,36.99689276,53.0083781,February,27,12,0
176,8.192496237,0.050523094,9.48072138,167.2548814,0.000588641,0.465220985,Colorless,0.01746092,1.274821502,0.086055633,0.366098005,62.28293594,407.8606425,4.18918256,0.00155572,266.0171059,Aquifer,26.57143,64.32834773,September,3,9,0
177,6.729955416,0.000442078,6.557335589,96.3428334,2.76E-70,3.417469253,Faint Yellow,0.00108123,0.572820904,0.45154928,0.983840321,179.8955715,294.9850718,2.681346892,7.31E-05,188.6409668,Spring,5.590082611,60.5285973,January,12,13,0
178,7.203331494,0.07273622,7.084368194,148.8550785,3.27E-54,0.006842527,Colorless,0.001277565,1.610435916,0.476793829,0.395663897,172.7428424,298.9020855,2.998758744,2.47E-06,252.9722497,Ground,,54.17904372,July,19,18,0
179,8.246924934,0.014576323,9.659849374,92.90352873,1.45E-51,4.06484518,Colorless,0.118177934,0.956918773,0.002256479,1.512760355,186.084628,273.8189972,2.960474757,3.89E-07,230.9086603,Lake,18.44700477,48.67435523,September,11,17,0
180,8.132731127,0.000718809,6.928450156,143.2021609,0,1.948773018,Near Colorless,0.038695404,0.226119617,0.251694258,1.278243615,158.7971385,299.7234364,2.419906446,0.008489948,323.5000237,Lake,9.50102686,63.79169343,August,23,15,0
181,7.930978642,0.025283567,4.39700116,189.679485,1.41E-74,0.216015155,Near Colorless,0.042943977,0.422860344,0.125897021,0.603201533,232.6165189,148.8572054,2.725541858,0.005430684,331.1809584,Stream,5.867441261,78.34175557,August,28,21,0
182,7.197474383,0.004296687,3.150233376,134.5975632,3.17E-53,0.775288326,Colorless,0.092400154,0.339096479,1.033225708,1.911745404,80.06414369,147.7258165,3.325507214,0.000156418,440.6248812,Ground,29.24701719,18.35507098,November,24,13,0
183,6.928657219,3.26E-09,5.214319569,147.4433526,2.45E-28,0.705145009,Colorless,1.039121897,0.538463402,0.745405451,1.378576327,177.2847114,370.0538511,3.790950733,5.61E-06,423.3886681,Spring,9.8099777,90.65960517,April,19,12,0
184,8.52851779,1.54E-07,7.184789566,239.7265597,2.13E-13,0.636176005,Yellow,3.169149514,1.172079711,2.915981605,2.228090852,223.9292078,298.804749,2.988286209,0.047370951,241.610678,Ground,49.3779471,71.61737008,May,15,23,0
185,8.498951946,2.13E-05,6.326845892,215.6965634,1.33E-95,2.9966233,Near Colorless,1.03070037,0.071460295,0.247901276,2.748220205,183.4981317,415.4305105,1.931325639,0.003520315,357.945057,Lake,,37.0770004,,11,1,0
186,7.926547201,0.073005577,4.815561624,152.7790571,6.95E-14,0.579986624,Near Colorless,0.03133741,0.972436506,0.176177277,2.652557229,244.3191017,,3.085848868,0.007596367,89.01872476,Reservoir,14.37115468,86.80777574,January,14,13,0
187,8.420224419,0.112480607,6.103526417,136.5085552,3.68E-16,2.137432213,Faint Yellow,0.623685237,0.805055176,0.812750468,2.045539766,130.8502453,499.6589395,4.050228586,2.58E-05,183.5053742,Reservoir,22.56852646,40.61358518,May,23,19,0
188,7.996515618,,5.664093847,199.3786396,7.31E-17,0.461822866,Colorless,0.854795279,0.404342809,0.151071524,0.565860169,73.1196962,413.7585633,3.838012352,0.005371595,54.37381449,Lake,42.34144698,50.09751562,July,25,18,0
189,7.157729238,1.25E-07,5.712443892,168.6742361,1.64E-07,0.563324213,Near Colorless,0.372378654,1.10664832,1.008722398,1.892876911,115.0159538,480.3300823,3.466619953,0.016228458,273.8908505,Spring,29.21800066,32.36779597,March,30,0,0
190,6.864027808,0.028727392,3.825630156,105.349081,1.83E-92,1.151529771,Colorless,0.048701771,0.844385912,0.034999686,1.699665445,104.5865386,803.9284201,2.292017181,3.38E-08,207.1895669,Ground,3.827214389,65.22936145,December,1,16,0
191,8.24275498,0.000263397,3.142128316,123.2053385,2.70E-174,0.71687491,Colorless,0.0665612,1.567589004,0.349996309,2.293987412,173.7122471,294.2161455,3.195645029,0.000745854,424.3284619,Spring,22.51959502,38.53238003,April,3,1,0
192,6.994046973,5.71E-07,3.157287145,167.0183637,3.77E-30,2.038033151,Colorless,0.172019081,1.237795426,0.815783184,1.119416694,150.8348743,567.8048041,3.099302841,0.003005921,440.6621247,Stream,23.10009102,75.43288529,July,19,8,0
193,7.993260087,8.05E-07,5.010844298,217.5353486,2.06E-33,0.049959107,Near Colorless,0.211638078,1.271798334,0.17566039,1.417172323,81.09026219,299.1153029,2.280474376,0.0003483,461.0213095,Aquifer,20.42609157,48.12660253,October,11,14,0
194,7.310256873,4.60E-07,2.163122628,211.5915126,4.30E-82,3.747997593,Colorless,0.000297285,0.475111578,,2.475858093,132.835448,678.2646095,3.607292798,0.000320673,70.87576951,Ground,13.87483449,34.77525939,February,12,2,0
195,7.618417171,0.10594827,2.933393345,246.3216433,2.88E-35,0.26775111,Near Colorless,0.243175335,0.812190342,0.705674232,0.485169362,169.8481483,,3.024938603,0.008022109,478.4714045,River,35.52888205,30.80330705,April,14,0,0
196,7.131818059,0.196992048,6.134118949,243.5623194,5.32E-20,2.877379389,Light Yellow,0.092973982,1.306005272,0.0579116,0.068076902,187.2140011,861.3347151,3.285879487,0.000796846,136.6990512,Stream,20.48083087,91.21967844,July,29,0,0
197,7.553088583,7.17E-06,7.45667537,211.6656445,4.96E-34,0.004595292,Colorless,0.049949152,1.385048005,0.421306163,2.314636869,127.4402606,599.6567325,2.276358598,7.42E-12,446.3638188,Spring,15.32917251,70.42907059,September,1,4,0
198,7.521412988,1.47E-05,2.036881385,185.829802,5.80E-33,3.046384364,Colorless,0.264651405,1.095479205,0.26640414,2.180221977,,399.8264027,2.303508623,0.000913118,398.2798798,Reservoir,25.68607397,61.4099978,February,24,7,0
